urls,male,female,university,college,intermediate,education_not_required,banking,insurance,security,real_estate,employee,observer,manager,chief_manager,age,min_age,max_age,min_exp,max_exp,min_salary,max_salary
https://careerbuilder.vn/vi/tim-viec-lam/project-development-manager-real-estates.35B7B6D7.html,0,0,1,0,0,0,0,0,0,1,1,0,0,0,35 - 55,35,55,10,30,55,77
https://careerbuilder.vn/vi/tim-viec-lam/deputy-manager-of-investment-and-asset-management-industrial-real-estate.35B76CBE.html,0,0,1,0,0,0,0,0,0,1,0,1,0,0,not_limited,not_limited,not_limited,7,10,55,77
https://careerbuilder.vn/vi/tim-viec-lam/senior-sales-manager-hcmc.35B731AD.html,0,0,1,0,0,0,0,0,0,1,0,0,1,0,25 - 30,25,30,2,5,55,66
https://careerbuilder.vn/vi/tim-viec-lam/truong-phong-kinh-doanh-thu-nhap-tu-50-100-trieu.35B74FA8.html,0,0,0,1,0,0,0,1,0,1,0,0,1,0,28 - 45,28,45,2,3,50,100
https://careerbuilder.vn/vi/tim-viec-lam/business-development-manager-factory-construction-industrial-epc.35B79A04.html,1,0,0,1,0,0,0,0,0,1,0,0,1,0,30 - 49,30,49,15,30,50,85
https://careerbuilder.vn/vi/tim-viec-lam/truong-phong-phap-che.35B7AD66.html,0,0,1,0,0,0,0,0,1,1,0,0,1,0,28 - 45,28,45,6,10,50,80
https://careerbuilder.vn/vi/tim-viec-lam/giam-doc-phap-ly-tap-doan-bat-dong-san.35B7954E.html,0,0,1,0,0,0,0,0,0,1,0,0,0,1,30 - 45,30,45,5,10,50,80
https://careerbuilder.vn/vi/tim-viec-lam/project-legal-manager-licensing-manager.35B7BBB1.html,1,0,1,0,0,0,0,0,0,1,0,0,1,0,not_limited,not_limited,not_limited,10,20,50,70
https://careerbuilder.vn/vi/tim-viec-lam/giam-doc-marketing.35B7C125.html,0,1,1,0,0,0,0,0,0,1,0,0,0,1,not_limited,not_limited,not_limited,10,20,50,70
https://careerbuilder.vn/vi/tim-viec-lam/senior-sales-manager-real-esate.35B728D4.html,0,0,1,0,0,0,0,0,0,1,0,0,1,0,not_limited,not_limited,not_limited,5,20,50,70
https://careerbuilder.vn/vi/tim-viec-lam/truong-phong-phap-che-bat-dong-san.35B7678B.html,0,1,1,0,0,0,0,0,0,1,0,0,1,0,40 - 45,40,45,0,10,44,66
https://careerbuilder.vn/vi/tim-viec-lam/q2-hcm-product-manager-fintech.35B7676D.html,0,0,1,0,0,0,1,0,0,0,0,0,1,0,not_limited,not_limited,not_limited,3,5,44,55
https://careerbuilder.vn/vi/tim-viec-lam/senior-consultant-sap-consulting-fico-pp-hcm-sd-mm-technology.35B722CD.html,0,0,1,0,0,0,1,0,0,0,0,1,0,0,not_limited,not_limited,not_limited,6,7,44,55
https://careerbuilder.vn/vi/tim-viec-lam/giam-doc-san.35B740AA.html,0,0,0,1,0,0,0,0,0,1,0,0,0,1,30 - 40,30,40,2,3,40,100
https://careerbuilder.vn/vi/tim-viec-lam/truong-phong-phap-ly.35B7957A.html,0,0,1,0,0,0,0,0,0,1,0,0,1,0,not_limited,not_limited,not_limited,5,10,40,80
https://careerbuilder.vn/vi/tim-viec-lam/head-of-treasury-and-cash-management.35B79C1E.html,0,0,0,0,0,1,1,0,0,0,0,1,0,0,not_limited,not_limited,not_limited,5,10,40,70
https://careerbuilder.vn/vi/tim-viec-lam/truong-phong-quan-tri-dau-tu.35B755DB.html,0,0,1,0,0,0,0,0,0,1,0,0,1,0,not_limited,not_limited,not_limited,3,15,40,70
https://careerbuilder.vn/vi/tim-viec-lam/ke-toan-truong-tap-doan.35B225CF.html,0,0,1,0,0,0,0,0,0,1,0,0,1,0,28 - 45,28,45,5,10,40,60
https://careerbuilder.vn/vi/tim-viec-lam/giam-doc-marketing-chu-dau-tu-bds.35B79948.html,0,1,1,0,0,0,0,0,0,1,0,0,0,1,not_limited,not_limited,not_limited,10,20,40,60
https://careerbuilder.vn/vi/tim-viec-lam/regional-construction-manager.35B797B9.html,0,0,1,0,0,0,0,0,0,1,0,0,1,0,not_limited,not_limited,not_limited,4,5,40,60
https://careerbuilder.vn/vi/tim-viec-lam/truong-bo-phan-quan-ly-thiet-ke-kien-truc.35B7C2F8.html,1,0,1,0,0,0,0,0,0,1,0,0,1,0,33 - 45,33,45,10,20,40,50
https://careerbuilder.vn/vi/tim-viec-lam/structural-design-manager.35B7964B.html,0,0,0,1,0,0,0,0,0,1,0,0,1,0,not_limited,not_limited,not_limited,10,20,40,50
https://careerbuilder.vn/vi/tim-viec-lam/commercial-leasing-korean-japanese-speaking.35B7C2CA.html,0,0,1,0,0,0,0,0,0,1,1,0,0,0,not_limited,not_limited,not_limited,5,10,40,50
https://careerbuilder.vn/vi/tim-viec-lam/truong-phong-hanh-chinh-nhan-su.35B79739.html,0,1,1,0,0,0,1,0,0,1,0,0,1,0,28 - 35,28,35,2,4,40,50
https://careerbuilder.vn/vi/tim-viec-lam/giam-doc-phap-ly.35B7C191.html,0,0,1,0,0,0,0,0,0,1,0,0,1,0,not_limited,not_limited,not_limited,4,7,35,70
https://careerbuilder.vn/vi/tim-viec-lam/senior-architect.35B7BBCB.html,0,0,1,0,0,0,0,0,0,1,0,0,1,0,not_limited,not_limited,not_limited,5,10,35,60
https://careerbuilder.vn/vi/tim-viec-lam/marketing-manager.35B78D84.html,0,0,1,0,0,0,0,0,0,1,0,1,0,0,25 - 35,25,35,3,5,35,50
https://careerbuilder.vn/vi/tim-viec-lam/hcmc-remote-_-senior-analyst-english-business-level-_-19728.35B74F99.html,0,0,1,0,0,0,1,0,0,0,1,0,0,0,28 - 40,28,40,3,5,35,50
https://careerbuilder.vn/vi/tim-viec-lam/giam-doc-chi-nhanh.35B7BD1B.html,0,0,1,0,0,0,0,0,0,1,0,0,0,1,35 - 45,35,45,5,10,35,40
https://careerbuilder.vn/vi/tim-viec-lam/deputy-qs-manager-factory-warehouse-focus.35B793B6.html,0,0,1,0,0,0,0,0,0,1,0,0,1,0,33 - 41,33,41,5,10,35,40
https://careerbuilder.vn/vi/tim-viec-lam/senior-architect-english-speaking.35B730F0.html,1,0,1,0,0,0,0,0,0,1,0,1,0,0,30 - 40,30,40,5,15,33,66
https://careerbuilder.vn/vi/tim-viec-lam/truong-phong-tai-chinh-finance-manager.35B7C5BD.html,0,0,1,0,0,0,0,0,0,1,0,0,1,0,28 - 35,28,35,3,5,33,50
https://careerbuilder.vn/vi/tim-viec-lam/m-a-relationship-manager.35B78D6A.html,0,0,1,0,0,0,1,0,0,0,0,0,1,0,25 - 40,25,40,2,10,30,55
https://careerbuilder.vn/vi/tim-viec-lam/giam-doc-kinh-doanh-bat-dong-san.35B782D0.html,0,0,1,0,0,0,0,0,0,1,0,0,0,1,not_limited,not_limited,not_limited,5,7,30,50
https://careerbuilder.vn/vi/tim-viec-lam/chuyen-vien-phan-tich-ky-thuat-luong-30-50tr.35B77ED0.html,0,0,0,1,0,0,1,0,1,0,1,0,0,0,not_limited,not_limited,not_limited,2,15,30,50
https://careerbuilder.vn/vi/tim-viec-lam/quan-ly-quan-he-khach-hang-doanh-nghiep-cp-manager.35B7B4E2.html,0,0,1,0,0,0,1,1,0,0,0,0,1,0,26 - 35,26,35,3,8,30,50
https://careerbuilder.vn/vi/tim-viec-lam/giam-doc-khoi-dich-vu-chung-khoan.35B7A661.html,0,0,1,0,0,0,0,0,1,0,0,0,0,1,not_limited,not_limited,not_limited,5,10,30,50
https://careerbuilder.vn/vi/tim-viec-lam/chuyen-gia-quan-ly-rui-ro-an-ninh-thong-tin.35B7934E.html,0,0,1,0,0,0,1,0,0,0,0,1,0,0,25 - 35,25,35,5,10,30,50
https://careerbuilder.vn/vi/tim-viec-lam/giam-doc-quan-ly-tai-tro-du-an.35B72E3A.html,0,0,1,0,0,0,1,0,0,0,0,0,1,0,not_limited,not_limited,not_limited,0,5,30,50
https://careerbuilder.vn/vi/tim-viec-lam/quan-ly-quan-he-khach-hang-doanh-nghiep-cp-manager.35B78B37.html,0,0,1,0,0,0,1,1,0,0,0,0,1,0,26 - 35,26,35,3,8,30,50
https://careerbuilder.vn/vi/tim-viec-lam/chuyen-vien-cao-cap-phan-tich-bao-cao-kinh-doanh-bi.35B77DD8.html,0,0,1,0,0,0,1,0,0,0,1,0,0,0,not_limited,not_limited,not_limited,3,5,30,45
https://careerbuilder.vn/vi/tim-viec-lam/quan-ly-du-an-sang-tao-so-digital-innovation-project-manager.35B77DE6.html,0,0,1,0,0,0,1,0,0,0,1,0,0,0,not_limited,not_limited,not_limited,5,10,30,45
https://careerbuilder.vn/vi/tim-viec-lam/chuyen-gia-cao-cap-sang-tao-so-senior-innovation-specialist.35B77DF0.html,0,0,1,0,0,0,1,0,0,0,1,0,0,0,not_limited,not_limited,not_limited,2,5,30,45
https://careerbuilder.vn/vi/tim-viec-lam/giam-doc-san-pham-huy-dong-dich-vu-tai-chinh-doanh-nghiep-khoi-doanh-nghiep.35B722C2.html,0,0,1,0,0,0,1,0,0,0,0,0,0,1,not_limited,not_limited,not_limited,5,7,30,45
https://careerbuilder.vn/vi/tim-viec-lam/giam-doc-phong-khach-hang-doanh-nghiep-khoi-doanh-nghiep.35B722C5.html,0,0,1,0,0,0,1,0,0,0,0,0,0,1,not_limited,not_limited,not_limited,5,7,30,45
https://careerbuilder.vn/vi/tim-viec-lam/giam-doc-trung-tam-thanh-toan-quoc-te-khoi-doanh-nghiep.35B722C7.html,0,0,1,0,0,0,1,0,0,0,0,0,0,1,not_limited,not_limited,not_limited,8,10,30,45
https://careerbuilder.vn/vi/tim-viec-lam/giam-doc-phong-san-pham-tin-dung-doanh-nghiep-khoi-doanh-nghiep.35B722CE.html,0,0,1,0,0,0,1,0,0,0,0,0,0,1,not_limited,not_limited,not_limited,5,7,30,45
https://careerbuilder.vn/vi/tim-viec-lam/giam-doc-du-an-khoi-cay-xanh.35B79DEA.html,0,0,1,0,0,0,0,0,0,1,0,0,0,1,30 - 45,30,45,3,5,30,40
https://careerbuilder.vn/vi/tim-viec-lam/giam-sat-huy-dong-von-nuoc-ngoai.35B7ADD6.html,0,0,1,0,0,0,1,0,1,0,0,1,0,0,not_limited,not_limited,not_limited,2,5,30,40
https://careerbuilder.vn/vi/tim-viec-lam/property-management-binh-duong.35B7BBE9.html,0,0,0,0,0,1,0,0,0,1,1,0,0,0,25 - 40,25,40,2,5,30,40
https://careerbuilder.vn/vi/tim-viec-lam/giam-doc-phat-trien-kinh-doanh-san-pham-quy.35B77654.html,0,0,1,0,0,0,1,0,1,0,0,0,0,1,not_limited,not_limited,not_limited,5,10,30,40
https://careerbuilder.vn/vi/tim-viec-lam/truong-ban-dieu-hanh-khu-dan-cu.35B7AEE4.html,1,0,1,0,0,0,0,0,0,1,0,0,1,0,30 - 45,30,45,5,10,30,40
https://careerbuilder.vn/vi/tim-viec-lam/senior-developer-ruby-on-rails.35B75915.html,0,0,1,0,0,0,1,0,0,0,0,0,1,0,25 - 40,25,40,3,5,30,40
https://careerbuilder.vn/vi/tim-viec-lam/pho-phong-phap-che.35B795D2.html,1,0,1,0,0,0,0,0,0,1,0,0,1,0,not_limited,not_limited,not_limited,5,10,30,40
https://careerbuilder.vn/vi/tim-viec-lam/senior-software-developer-asp-net-sql.35B78216.html,0,0,1,0,0,0,0,0,0,1,0,1,0,0,not_limited,not_limited,not_limited,4,6,30,35
https://careerbuilder.vn/vi/tim-viec-lam/credit-risk-policy-expert.35B7AEE7.html,0,0,1,0,0,0,1,0,0,0,0,1,0,0,not_limited,not_limited,not_limited,3,8,30,33
https://careerbuilder.vn/vi/tim-viec-lam/legal-assistant-manager.35B7A5E9.html,0,0,1,0,0,0,0,0,0,1,1,0,0,0,not_limited,not_limited,not_limited,3,4,29.5,33
https://careerbuilder.vn/vi/tim-viec-lam/chuyen-vien-cao-cap-phat-trien-du-an-bat-dong-san.35B76790.html,0,0,1,0,0,0,0,0,0,1,1,0,0,0,not_limited,not_limited,not_limited,5,10,27.5,33
https://careerbuilder.vn/vi/tim-viec-lam/chief-engineer.35B72796.html,1,0,0,0,0,1,0,0,0,1,0,1,0,0,not_limited,not_limited,not_limited,5,15,26,28
https://careerbuilder.vn/vi/tim-viec-lam/collection-manager.35B7B84E.html,0,0,1,0,0,0,1,0,0,0,0,0,1,0,not_limited,not_limited,not_limited,3,5,25,60
https://careerbuilder.vn/vi/tim-viec-lam/credit-risk-management.35B7B760.html,0,0,1,0,0,0,1,0,1,0,0,0,1,0,not_limited,not_limited,not_limited,3,5,25,60
https://careerbuilder.vn/vi/tim-viec-lam/kien-truc-su-chu-tri-dan-dung-concept-landscape.35B75FBC.html,0,0,1,0,0,0,0,0,0,1,0,1,0,0,30 - 45,30,45,7,20,25,50
https://careerbuilder.vn/vi/tim-viec-lam/quan-3-_-business-development-tieng-nhat-n2-rental-factory-_-19863kd.35B7A0BE.html,0,0,1,0,0,0,0,0,0,1,1,0,0,0,25 - 40,25,40,3,5,25,45
https://careerbuilder.vn/vi/tim-viec-lam/hn-hcm-truong-phong-quan-tri-rui-ro-co-k-n-linh-vuc-chung-khoan.35B784FC.html,0,0,1,0,0,0,1,0,1,0,0,0,1,0,not_limited,not_limited,not_limited,5,7,25,40
https://careerbuilder.vn/vi/tim-viec-lam/chuyen-vien-quy-hoach-chu-dau-tu.35B79E87.html,0,0,1,0,0,0,0,0,0,1,1,0,0,0,not_limited,not_limited,not_limited,5,7,25,40
https://careerbuilder.vn/vi/tim-viec-lam/giam-doc-phap-che-linh-vuc-bds.35B7AE38.html,1,0,1,0,0,0,0,0,0,1,0,0,1,0,29 - 35,29,35,3,5,25,40
https://careerbuilder.vn/vi/tim-viec-lam/giam-doc-phap-ly-bat-dong-san.35B7C228.html,1,0,1,0,0,0,0,0,0,1,0,0,0,1,29 - 40,29,40,3,5,25,40
https://careerbuilder.vn/vi/tim-viec-lam/business-developmen-manager-headcount.35B76BC6.html,0,0,0,0,0,1,1,0,0,0,0,1,0,0,not_limited,not_limited,not_limited,5,6,25,40
https://careerbuilder.vn/vi/tim-viec-lam/direct-team-leader-nestbyaia.35B7694E.html,0,0,0,1,0,0,1,1,0,0,0,1,0,0,27 - 40,27,40,2,3,25,40
https://careerbuilder.vn/vi/tim-viec-lam/chuyen-vien-quan-ly-thiet-ke-kien-truc.35B75331.html,1,0,1,0,0,0,0,0,0,1,1,0,0,0,30 - 40,30,40,5,12,25,37
https://careerbuilder.vn/vi/tim-viec-lam/assistant-leasing-manager.35B76BE3.html,0,0,1,0,0,0,0,0,0,1,1,0,0,0,not_limited,not_limited,not_limited,2,3,25,36
https://careerbuilder.vn/vi/tim-viec-lam/senior-cards-usage-boost-specialist.35B7C86D.html,0,0,1,0,0,0,1,0,0,0,1,0,0,0,not_limited,not_limited,not_limited,2,7,25,35
https://careerbuilder.vn/vi/tim-viec-lam/chuyen-vien-cao-cap-phap-ly-van-hanh-du-an.35B78279.html,0,0,1,0,0,0,0,0,0,1,1,0,0,0,not_limited,not_limited,not_limited,4,5,25,35
https://careerbuilder.vn/vi/tim-viec-lam/priority-relationship-manager.35B796D0.html,0,0,1,0,0,0,1,0,0,0,1,0,0,0,not_limited,not_limited,not_limited,3,4,25,35
https://careerbuilder.vn/vi/tim-viec-lam/ke-toan-truong.35B7B405.html,0,0,1,0,0,0,0,0,0,1,0,0,1,0,31 - 37,31,37,5,10,25,35
https://careerbuilder.vn/vi/tim-viec-lam/ky-su-thiet-ke-dia-ky-thuat-cong-trinh.35B76490.html,0,0,1,0,0,0,0,0,0,1,0,1,0,0,not_limited,not_limited,not_limited,3,5,25,35
https://careerbuilder.vn/vi/tim-viec-lam/ky-su-quan-ly-ky-thuat-dia-ky-thuat-cong-trinh.35B75F05.html,0,0,1,0,0,0,0,0,0,1,0,1,0,0,not_limited,not_limited,not_limited,3,5,25,35
https://careerbuilder.vn/vi/tim-viec-lam/truong-phong-dich-vu-canh-quan-cay-xanh.35B7B448.html,0,0,1,0,0,0,0,0,0,1,0,0,1,0,35 - 50,35,50,0,8,25,30
https://careerbuilder.vn/vi/tim-viec-lam/chuyen-vien-phap-ly-du-an.35B7C323.html,0,0,1,0,0,0,0,0,0,1,1,0,0,0,27 - 45,27,45,3,15,23,30
https://careerbuilder.vn/vi/tim-viec-lam/sales-team-leader-forex.35B7786F.html,0,0,0,0,0,1,0,1,1,0,0,1,0,0,22 - 40,22,40,1,2,22,66
https://careerbuilder.vn/vi/tim-viec-lam/sales-manager-forex.35B77880.html,0,0,0,1,0,0,1,0,1,0,0,0,1,0,25 - 40,25,40,1,3,22,66
https://careerbuilder.vn/vi/tim-viec-lam/it-business-analyst-project-manager.35B71B32.html,0,0,1,0,0,0,1,0,0,0,0,1,0,0,not_limited,not_limited,not_limited,3,5,22,66
https://careerbuilder.vn/vi/tim-viec-lam/solution-consultant.35B7A864.html,0,0,0,1,0,0,1,0,0,0,1,0,0,0,not_limited,not_limited,not_limited,1,2,22,44
https://careerbuilder.vn/vi/tim-viec-lam/chuyen-vien-kinh-doanh-b2b-tieng-nhat-chinh-sach-phuc-loi-tot.35B72373.html,0,0,1,0,0,0,0,0,0,1,1,0,0,0,30 - 40,30,40,3,5,22,44
https://careerbuilder.vn/vi/tim-viec-lam/fx-business-development-manager-vietnamese-speaker-high-commission.35B75FBB.html,0,0,0,1,0,0,1,0,0,0,0,1,0,0,25 - 55,25,55,3,30,22,33
https://careerbuilder.vn/vi/tim-viec-lam/thu-ky-pho-tong-giam-doc-dau-tu-du-an.35B78E7F.html,0,0,1,0,0,0,0,0,0,1,1,0,0,0,not_limited,not_limited,not_limited,3,5,22,33
https://careerbuilder.vn/vi/tim-viec-lam/giam-doc-san-luong-28-trieu-cross-long-hai.35B7C173.html,0,0,0,1,0,0,0,0,0,1,0,0,0,1,28 - 40,28,40,3,5,22,28
https://careerbuilder.vn/vi/tim-viec-lam/chuyen-vien-quy-hoach-kien-truc.35B7B3E2.html,0,0,1,0,0,0,0,0,0,1,1,0,0,0,not_limited,not_limited,not_limited,3,5,22,28
https://careerbuilder.vn/vi/tim-viec-lam/truong-phong-kinh-doanh-bds.35B7B9E3.html,0,0,0,1,0,0,0,0,0,1,0,1,0,0,not_limited,not_limited,not_limited,2,5,22,25
https://careerbuilder.vn/vi/tim-viec-lam/truong-bo-phan-tu-van.35B75AC2.html,0,0,1,0,0,0,0,0,1,0,0,1,0,0,not_limited,not_limited,not_limited,0,5,21,25
https://careerbuilder.vn/vi/tim-viec-lam/truong-phong-kinh-doanh.35B77439.html,0,0,0,1,0,0,0,0,0,1,0,1,0,0,26 - 38,26,38,1,3,20,100
https://careerbuilder.vn/vi/tim-viec-lam/truong-phong-kinh-doanh.35B740A8.html,0,0,0,0,1,0,0,1,0,1,0,0,1,0,26 - 40,26,40,1,3,20,60
https://careerbuilder.vn/vi/tim-viec-lam/chuyen-vien-kinh-doanh.35B7AB3C.html,1,0,0,1,0,0,0,0,0,1,1,0,0,0,22 - 40,22,40,1,3,20,50
https://careerbuilder.vn/vi/tim-viec-lam/giam-doc-kinh-doanh.35B740A9.html,0,0,0,1,0,0,0,0,0,1,0,0,0,1,30 - 40,30,40,2,3,20,50
https://careerbuilder.vn/vi/tim-viec-lam/giam-doc-dau-tu.35B77C84.html,0,0,1,0,0,0,1,0,1,0,0,0,1,0,not_limited,not_limited,not_limited,3,5,20,40
https://careerbuilder.vn/vi/tim-viec-lam/it-business-analyst.35B78F67.html,0,0,1,0,0,0,1,0,0,0,1,0,0,0,not_limited,not_limited,not_limited,1,5,20,40
https://careerbuilder.vn/vi/tim-viec-lam/chuyen-vien-dau-tu-cao-cap.35B7AD41.html,0,0,1,0,0,0,0,0,1,0,1,0,0,0,20 - 30,20,30,2,3,20,40
https://careerbuilder.vn/vi/tim-viec-lam/giam-doc-dau-tu.35B72E8E.html,0,0,1,0,0,0,1,0,1,0,0,0,1,0,not_limited,not_limited,not_limited,3,5,20,40
https://careerbuilder.vn/vi/tim-viec-lam/customer-relations-director-korean-fdi.35B73E21.html,0,0,1,0,0,0,1,0,0,0,1,0,0,0,25 - 45,25,45,3,5,20,40
https://careerbuilder.vn/vi/tim-viec-lam/chuyen-vien-khai-thac-so-lieu.35B79400.html,0,0,0,1,0,0,1,0,0,0,1,0,0,0,not_limited,not_limited,not_limited,0,1,20,35
https://careerbuilder.vn/vi/tim-viec-lam/chuyen-vien-phat-trien-ung-dung-di-dong.35B793E8.html,0,0,0,1,0,0,1,0,0,0,1,0,0,0,not_limited,not_limited,not_limited,0,3,20,35
https://careerbuilder.vn/vi/tim-viec-lam/chuyen-vien-phan-tich-nghiep-vu-business-analyst.35B793DC.html,0,0,1,0,0,0,1,0,0,0,1,0,0,0,not_limited,not_limited,not_limited,0,2,20,35
https://careerbuilder.vn/vi/tim-viec-lam/full-stack-developer.35B793C6.html,0,0,0,1,0,0,1,0,0,0,1,0,0,0,not_limited,not_limited,not_limited,1,2,20,35
https://careerbuilder.vn/vi/tim-viec-lam/quan-1-_-deputy-manager-front-bancassurance-tieng-anh-tot-_-19684kd.35B72F57.html,0,0,1,0,0,0,1,1,0,0,1,0,0,0,29 - 37,29,37,4,7,20,35
https://careerbuilder.vn/vi/tim-viec-lam/chuyen-gia-xu-huong-tieu-dung-so-senior-consumer-digital-trend-specialist.35B781D1.html,0,0,1,0,0,0,1,0,0,0,1,0,0,0,not_limited,not_limited,not_limited,4,6,20,35
https://careerbuilder.vn/vi/tim-viec-lam/chuyen-vien-phan-tich-nghiep-vu-business-analyst-%E2%80%93-ba.35B72444.html,0,0,0,1,0,0,0,0,0,1,1,0,0,0,25 - 35,25,35,0,3,20,35
https://careerbuilder.vn/vi/tim-viec-lam/chuyen-vien-hoach-dinh-tai-chinh.35B75D4A.html,0,0,0,0,1,0,1,1,0,0,1,0,0,0,not_limited,not_limited,not_limited,1,2,20,35
https://careerbuilder.vn/vi/tim-viec-lam/truong-nhom-he-thong-dien-mui-ne.35B75A77.html,0,0,1,0,0,0,0,0,0,1,1,0,0,0,not_limited,not_limited,not_limited,5,7,20,35
https://careerbuilder.vn/vi/tim-viec-lam/ke-toan-tong-hop-bat-dong-san.35B795CE.html,0,0,1,0,0,0,0,0,0,1,0,0,1,0,not_limited,not_limited,not_limited,2,3,20,35
https://careerbuilder.vn/vi/tim-viec-lam/truong-ban-quan-ly-khu-do-thi.35B78311.html,1,0,1,0,0,0,0,0,0,1,0,0,1,0,30 - 45,30,45,3,5,20,35
https://careerbuilder.vn/vi/tim-viec-lam/developer.35B7C2E3.html,0,0,0,1,0,0,1,0,0,0,1,0,0,0,not_limited,not_limited,not_limited,1,3,20,30
https://careerbuilder.vn/vi/tim-viec-lam/chuyen-vien-marketing-du-an.35B7BF7D.html,0,0,1,0,0,0,0,0,0,1,1,0,0,0,not_limited,not_limited,not_limited,3,5,20,30
https://careerbuilder.vn/vi/tim-viec-lam/truong-phong-phap-che-uu-tien-co-kinh-nghiem-bds.35B6C305.html,1,0,1,0,0,0,0,0,0,1,0,0,1,0,25 - 35,25,35,2,10,20,30
https://careerbuilder.vn/vi/tim-viec-lam/truong-phong-marketing-uu-tien-co-kinh-nghiem-bds.35B673D4.html,0,0,0,1,0,0,0,0,0,1,0,0,0,1,25 - 33,25,33,2,5,20,30
https://careerbuilder.vn/vi/tim-viec-lam/truong-phong-phat-trien-kinh-doanh.35B79071.html,0,0,0,1,0,0,1,0,0,0,0,0,1,0,not_limited,not_limited,not_limited,5,10,20,30
https://careerbuilder.vn/vi/tim-viec-lam/nhan-vien-devops.35B7BE5E.html,0,0,0,1,0,0,1,0,0,0,1,0,0,0,not_limited,not_limited,not_limited,1,3,20,30
https://careerbuilder.vn/vi/tim-viec-lam/chuyen-vien-phan-tich-tai-chinh-bat-dong-san-hcm.35B7AAC4.html,0,0,1,0,0,0,0,0,0,1,1,0,0,0,25 - 35,25,35,3,7,20,30
https://careerbuilder.vn/vi/tim-viec-lam/truong-phong-phap-che-uu-tien-co-kinh-nghiem-bds.35B7B904.html,1,0,1,0,0,0,0,0,0,1,0,0,1,0,29 - 35,29,35,2,10,20,30
https://careerbuilder.vn/vi/tim-viec-lam/chuyen-vien-san-pham-hop-tac-bao-hiem.35B7302D.html,0,0,1,0,0,0,1,0,0,0,0,1,0,0,not_limited,not_limited,not_limited,2,7,20,30
https://careerbuilder.vn/vi/tim-viec-lam/truong-phong-dau-tu-cn-ho-chi-minh.35B72E96.html,0,0,1,0,0,0,0,0,1,0,0,0,1,0,30 - 40,30,40,3,5,20,30
https://careerbuilder.vn/vi/tim-viec-lam/hcm-chuyen-vien-chinh-nguon-von.35B72983.html,0,0,1,0,0,0,1,0,1,0,1,0,0,0,23 - 35,23,35,2,3,20,30
https://careerbuilder.vn/vi/tim-viec-lam/senior-architect.35B754EE.html,0,0,1,0,0,0,0,0,0,1,1,0,0,0,25 - 35,25,35,0,6,20,30
https://careerbuilder.vn/vi/tim-viec-lam/binh-thanh-truong-bo-phan-bao-cao-va-phan-tich-du-lieu-thu-hoi-no.35B75427.html,0,0,0,1,0,0,1,0,0,0,0,1,0,0,not_limited,not_limited,not_limited,2,5,20,30
https://careerbuilder.vn/vi/tim-viec-lam/ke-toan-truong.35B79C68.html,0,0,1,0,0,0,0,0,0,1,0,0,1,0,28 - 35,28,35,3,6,20,30
https://careerbuilder.vn/vi/tim-viec-lam/truong-nhom-tim-kiem-mat-bang-dia-diem.35B77665.html,0,0,1,0,0,0,0,0,0,1,0,1,0,0,not_limited,not_limited,not_limited,3,5,20,28
https://careerbuilder.vn/vi/tim-viec-lam/mall-leasing-team-leader.35B79B42.html,0,0,1,0,0,0,0,0,0,1,0,1,0,0,26 - 40,26,40,3,5,20,28
https://careerbuilder.vn/vi/tim-viec-lam/kiem-soat-chat-luong-qa-qc-gap.35B7C51C.html,1,0,1,0,0,0,0,0,0,1,0,0,1,0,28 - 38,28,38,5,10,20,25
https://careerbuilder.vn/vi/tim-viec-lam/giam-doc-khach-hang-doanh-nghiep.35B77F04.html,0,0,1,0,0,0,1,0,0,0,0,0,0,1,not_limited,not_limited,not_limited,3,5,20,25
https://careerbuilder.vn/vi/tim-viec-lam/chuyen-vien-phap-ly-du-an-chu-dau-tu.35B7AD40.html,0,1,1,0,0,0,0,0,0,1,1,0,0,0,28 - 33,28,33,0,3,20,25
https://careerbuilder.vn/vi/tim-viec-lam/kiem-toan-noi-bo-bat-dong-san.35B79947.html,0,0,1,0,0,0,0,0,0,1,0,1,0,0,30 - 38,30,38,5,10,20,25
https://careerbuilder.vn/vi/tim-viec-lam/chi-huy-truong-me.35B7308C.html,0,0,1,0,0,0,0,0,0,1,0,1,0,0,not_limited,not_limited,not_limited,5,15,20,25
https://careerbuilder.vn/vi/tim-viec-lam/supplier-onboarding-treasury-and-trade-solutions.35B7674B.html,0,0,0,1,0,0,1,0,0,0,1,0,0,0,not_limited,not_limited,not_limited,3,5,20,25
https://careerbuilder.vn/vi/tim-viec-lam/chi-huy-truong.35B75F0A.html,1,0,1,0,0,0,0,0,0,1,0,1,0,0,not_limited,not_limited,not_limited,2,3,20,25
https://careerbuilder.vn/vi/tim-viec-lam/tro-ly-phat-trien-du-an-bds.35B78F7C.html,0,0,1,0,0,0,0,0,0,1,0,0,1,0,28 - 35,28,35,3,5,20,25
https://careerbuilder.vn/vi/tim-viec-lam/sourcing-manager-real-estate-agency.35B71ED3.html,0,0,0,0,0,1,0,0,0,1,0,1,0,0,not_limited,not_limited,not_limited,3,15,20,25
https://careerbuilder.vn/vi/tim-viec-lam/quan-ly-thiet-ke-du-an.35B740BE.html,1,0,0,1,0,0,0,0,0,1,0,0,1,0,30 - 40,30,40,2,3,20,25
https://careerbuilder.vn/vi/tim-viec-lam/chuyen-vien-nguon-von-senior-treasury-officer.35B7BF5B.html,0,0,1,0,0,0,1,0,1,0,1,0,0,0,not_limited,not_limited,not_limited,2,5,20,24
https://careerbuilder.vn/vi/tim-viec-lam/truong-nhom-phap-ly-doanh-nghiep.35B7BE29.html,0,0,1,0,0,0,0,0,0,1,0,1,0,0,not_limited,not_limited,not_limited,5,7,20,22
https://careerbuilder.vn/vi/tim-viec-lam/giam-doc-san-bds.35B741A2.html,0,0,1,0,0,0,0,0,0,1,0,0,1,0,27 - 35,27,35,2,5,18,35
https://careerbuilder.vn/vi/tim-viec-lam/truong-phong-dich-vu-khach-hang.35B797AF.html,0,0,1,0,0,0,1,0,1,0,0,0,1,0,not_limited,not_limited,not_limited,2,3,18,30
https://careerbuilder.vn/vi/tim-viec-lam/truong-ban-quan-ly-toa-nha.35B77FDD.html,0,0,1,0,0,0,0,0,0,1,0,0,1,0,30 - 60,30,60,1,5,18,30
https://careerbuilder.vn/vi/tim-viec-lam/chuyen-vien-phan-tich-dau-tu-khoi-tu-doanh.35B77498.html,0,0,1,0,0,0,1,0,1,0,1,0,0,0,not_limited,not_limited,not_limited,2,3,18,27
https://careerbuilder.vn/vi/tim-viec-lam/chuyen-vien-dau-tu-investment-officer.35B77824.html,0,0,1,0,0,0,1,0,1,0,1,0,0,0,not_limited,not_limited,not_limited,2,3,18,27
https://careerbuilder.vn/vi/tim-viec-lam/thiet-ke-ha-tang-ky-thuat-do-thi.35B739B8.html,1,0,1,0,0,0,0,0,0,1,0,1,0,0,30 - 38,30,38,5,10,18,25
https://careerbuilder.vn/vi/tim-viec-lam/chuyen-vien-kiem-soat-tuan-thu.35B7BF93.html,0,0,1,0,0,0,0,0,0,1,1,0,0,0,not_limited,not_limited,not_limited,4,5,18,25
https://careerbuilder.vn/vi/tim-viec-lam/chuyen-vien-dau-tu.35B7AEC8.html,0,0,1,0,0,0,0,0,0,1,0,1,0,0,27 - 40,27,40,0,3,18,25
https://careerbuilder.vn/vi/tim-viec-lam/chuyen-vien-kiem-soat-noi-bo.35B7BAD5.html,0,0,1,0,0,0,0,0,1,0,1,0,0,0,not_limited,not_limited,not_limited,0,3,18,25
https://careerbuilder.vn/vi/tim-viec-lam/chuyen-vien-lap-trinh-va-phat-trien-ung-dung-sap-abap.35B76EAD.html,0,0,0,1,0,0,0,0,0,1,1,0,0,0,not_limited,not_limited,not_limited,3,5,18,25
https://careerbuilder.vn/vi/tim-viec-lam/chuyen-vien-lap-trinh-phat-trien-ung-dung-sap-abap.35B76EB7.html,0,0,0,1,0,0,0,0,0,1,1,0,0,0,27 - 40,27,40,3,5,18,25
https://careerbuilder.vn/vi/tim-viec-lam/quan-ly-thiet-ke-kien-truc.35B79A63.html,1,0,1,0,0,0,0,0,0,1,0,1,0,0,not_limited,not_limited,not_limited,4,5,18,25
https://careerbuilder.vn/vi/tim-viec-lam/chuyen-vien-chinh-thuc-day-ban-phong-san-pham-tai-khoan-va-huy-dong-khoi-ngan-hang-ca-nhan.35B79B00.html,0,0,1,0,0,0,1,0,0,0,1,0,0,0,not_limited,not_limited,not_limited,2,3,18,25
https://careerbuilder.vn/vi/tim-viec-lam/chuyen-vien-cao-cap-dao-tao.35B79918.html,0,0,1,0,0,0,1,0,0,0,1,0,0,0,24 - 33,24,33,2,3,18,25
https://careerbuilder.vn/vi/tim-viec-lam/general-accountant.35B7ADEE.html,0,0,1,0,0,0,1,0,0,0,1,0,0,0,25 - 32,25,32,3,5,18,25
https://careerbuilder.vn/vi/tim-viec-lam/ky-su-cao-cap-xay-dung-lam-viec-tai-du-an-cac-tinh-tap-doan-tng-holdings-viet-nam-tng-1n193.35B7624E.html,0,0,1,0,0,0,0,0,0,1,1,0,0,0,not_limited,not_limited,not_limited,5,6,18,25
https://careerbuilder.vn/vi/tim-viec-lam/chuyen-vien-cao-cap-doi-tac-hoc-tap_dao-tao.35B75C67.html,0,0,1,0,0,0,1,0,0,0,1,0,0,0,24 - 33,24,33,2,3,18,25
https://careerbuilder.vn/vi/tim-viec-lam/junior-frontend-developer-javascript-reactjs.35B751F8.html,0,0,0,0,0,1,1,0,0,1,1,0,0,0,not_limited,not_limited,not_limited,1,3,18,25
https://careerbuilder.vn/vi/tim-viec-lam/giam-sat-quan-ly-toa-nha.35B78DD4.html,0,0,1,0,0,0,0,0,0,1,0,1,0,0,not_limited,not_limited,not_limited,2,3,18,25
https://careerbuilder.vn/vi/tim-viec-lam/ky-su-ket-cau-phong-quan-ly-thiet-ke.35B77EE7.html,0,0,1,0,0,0,0,0,0,1,1,0,0,0,not_limited,not_limited,not_limited,0,5,18,22
https://careerbuilder.vn/vi/tim-viec-lam/ky-su-du-toan-qs-dau-thau.35B7B3C6.html,0,0,1,0,0,0,0,0,0,1,1,0,0,0,28 - 45,28,45,0,3,18,22
https://careerbuilder.vn/vi/tim-viec-lam/chuyen-vien-sang-tao-noi-dung-social-content.35B764AD.html,0,0,0,1,0,0,0,0,0,1,1,0,0,0,27 - 35,27,35,5,8,18,22
https://careerbuilder.vn/vi/tim-viec-lam/nhan-vien-ke-toan-quan-tri-lam-viec-tai-tp-hcm-cty-cp-noi-that-aka.35B7A117.html,0,0,1,0,0,0,0,0,0,1,1,0,0,0,25 - 35,25,35,3,5,18,20
https://careerbuilder.vn/vi/tim-viec-lam/hcm-quan-8-sales-analyst-performance-management-specialist-hop-dong-6-thang.35B78C2C.html,0,0,1,0,0,0,1,1,0,0,1,0,0,0,24 - 35,24,35,2,3,18,20
https://careerbuilder.vn/vi/tim-viec-lam/sale-team-leader-chung-khoan-phai-sinh.35B77881.html,0,0,0,0,1,0,1,0,1,0,0,1,0,0,22 - 40,22,40,1,2,18.2,44
https://careerbuilder.vn/vi/tim-viec-lam/senior-equity-research-analyst.35B7AD94.html,0,0,1,0,0,0,1,0,1,0,1,0,0,0,not_limited,not_limited,not_limited,2,3,18.2,33
https://careerbuilder.vn/vi/tim-viec-lam/truong-pho-phong-dich-vu-ho-tro-chung-khoan.35B72023.html,0,0,1,0,0,0,0,0,1,0,0,0,1,0,not_limited,not_limited,not_limited,3,5,18.2,33
https://careerbuilder.vn/vi/tim-viec-lam/construction-management.35B7731F.html,1,0,1,0,0,0,0,0,0,1,1,0,0,0,20 - 30,20,30,2,5,18.2,27.5
https://careerbuilder.vn/vi/tim-viec-lam/ky-su-thiet-ke-cap-thoat-nuoc-va-phong-chay-chua-chay-hcmc.35B7334B.html,0,0,1,0,0,0,0,0,0,1,1,0,0,0,28 - 40,28,40,3,5,17,40
https://careerbuilder.vn/vi/tim-viec-lam/chuyen-vien-huy-dong-von-sl-02.35B7B136.html,0,0,1,0,0,0,1,0,0,0,1,0,0,0,not_limited,not_limited,not_limited,3,7,17,25
https://careerbuilder.vn/vi/tim-viec-lam/chuyen-vien-kiem-soat-tai-chinh-nganh-bds.35B7B253.html,0,0,1,0,0,0,0,0,0,1,1,0,0,0,25 - 32,25,32,2,5,17,25
https://careerbuilder.vn/vi/tim-viec-lam/chuyen-vien-huy-dong-von.35B79B8E.html,0,0,1,0,0,0,1,0,0,1,1,0,0,0,not_limited,not_limited,not_limited,1,2,17,25
https://careerbuilder.vn/vi/tim-viec-lam/quan-1-_-store-development-executive-tieng-nhat-n3-tieng-anh-giao-tiep-_-19892kd.35B7AA88.html,0,0,1,0,0,0,0,0,0,1,1,0,0,0,25 - 33,25,33,3,5,16,22
https://careerbuilder.vn/vi/tim-viec-lam/receivable-accounting-vice-team-leader.35B745E5.html,0,0,1,0,0,0,1,0,0,0,1,0,0,0,not_limited,not_limited,not_limited,3,7,16,22
https://careerbuilder.vn/vi/tim-viec-lam/chuyen-vien-ke-toan-tn-16tr-20tr.35B7C0DD.html,0,0,1,0,0,0,1,0,0,0,1,0,0,0,25 - 35,25,35,3,4,16,20
https://careerbuilder.vn/vi/tim-viec-lam/ke-toan-thue-ke-toan-thanh-toan.35B77718.html,0,0,0,1,0,0,1,0,0,0,1,0,0,0,25 - 40,25,40,1,2,16,20
https://careerbuilder.vn/vi/tim-viec-lam/can-tho-ky-su-qs.35B7BAAB.html,1,0,0,1,0,0,0,0,0,1,1,0,0,0,not_limited,not_limited,not_limited,3,5,16,20
https://careerbuilder.vn/vi/tim-viec-lam/ky-su-qs.35B79EF8.html,1,0,0,1,0,0,0,0,0,1,1,0,0,0,not_limited,not_limited,not_limited,0,5,16,20
https://careerbuilder.vn/vi/tim-viec-lam/chuyen-vien-phan-tich-dau-tu-chung-khoan.35B7BFA6.html,0,0,1,0,0,0,1,0,1,0,1,0,0,0,25 - 35,25,35,2,3,16,18
https://careerbuilder.vn/vi/tim-viec-lam/chuyen-vien-van-hanh-core.35B7ADB8.html,0,0,0,1,0,0,1,0,0,0,1,0,0,0,not_limited,not_limited,not_limited,1,2,16,27.5
https://careerbuilder.vn/vi/tim-viec-lam/sale-team-leader-ngoai-hoi.35B7084F.html,0,0,0,0,1,0,0,1,1,0,0,1,0,0,22 - 40,22,40,1,2,15,50
https://careerbuilder.vn/vi/tim-viec-lam/chuyen-vien-hoach-dinh-tai-chinh.35B77192.html,0,0,0,1,0,0,1,1,0,0,1,0,0,0,25 - 35,25,35,1,3,15,50
https://careerbuilder.vn/vi/tim-viec-lam/senior-talent-acquisition-specialist.35B790FB.html,0,0,1,0,0,0,0,0,0,1,0,1,0,0,25 - 35,25,35,2,7,15,35
https://careerbuilder.vn/vi/tim-viec-lam/khu-vuc-ho-chi-minh-chuyen-vien-khach-hang-ca-nhan.35B7AE0B.html,0,0,1,0,0,0,1,0,0,0,1,0,0,0,not_limited,not_limited,not_limited,0,1,15,30
https://careerbuilder.vn/vi/tim-viec-lam/truong-phong-kinh-doanh-bds-gap.35B71918.html,0,0,0,0,1,0,0,0,0,1,0,0,1,0,22 - 35,22,35,1,3,15,30
https://careerbuilder.vn/vi/tim-viec-lam/ke-toan-tong-hop.35B7916E.html,0,0,1,0,0,0,0,0,0,1,1,0,0,0,not_limited,not_limited,not_limited,2,3,15,30
https://careerbuilder.vn/vi/tim-viec-lam/truong-phong-kinh-doanh-bds-di-lam-ngay.35B714F8.html,0,0,0,0,1,0,0,0,0,1,0,0,1,0,22 - 35,22,35,1,3,15,30
https://careerbuilder.vn/vi/tim-viec-lam/backend-developer-net-c-sql.35B744A9.html,0,0,0,1,0,0,1,0,0,0,1,0,0,0,22 - 30,22,30,2,5,15,28
https://careerbuilder.vn/vi/tim-viec-lam/chuyen-vien-hoach-dinh-tai-chinh.35B786F6.html,0,0,0,1,0,0,1,1,0,0,1,0,0,0,25 - 40,25,40,0,1,15,26
https://careerbuilder.vn/vi/tim-viec-lam/chuyen-vien-hoach-dinh-tai-chinh-cap-cao-luong-cung-co-dinh-15-26tr.35B7217F.html,0,0,0,1,0,0,1,1,0,0,1,0,0,0,25 - 35,25,35,0,2,15,26
https://careerbuilder.vn/vi/tim-viec-lam/kiem-soat-vien-tham-dinh-gia.35B794F1.html,0,0,1,0,0,0,1,0,0,1,0,1,0,0,not_limited,not_limited,not_limited,3,7,15,25
https://careerbuilder.vn/vi/tim-viec-lam/truong-ban-quan-ly-toa-nha-%E2%80%93-chung-cu-quan-7-di-lam-ngay.35B7C029.html,0,0,1,0,0,0,0,0,0,1,0,0,1,0,30 - 50,30,50,0,3,15,25
https://careerbuilder.vn/vi/tim-viec-lam/customer-service-japanese-speaking.35B73B6C.html,0,0,1,0,0,0,0,0,0,1,1,0,0,0,23 - 35,23,35,1,5,15,25
https://careerbuilder.vn/vi/tim-viec-lam/chuyen-vien-phap-ly-du-an.35B7B9C5.html,0,0,0,1,0,0,0,0,0,1,1,0,0,0,26 - 40,26,40,2,5,15,25
https://careerbuilder.vn/vi/tim-viec-lam/hn-hp-hcm-truong-phong-kinh-doanh-nguon-von-huy-dong-tien-gui-trai-phieu.35B785D0.html,0,0,1,0,0,0,1,1,0,1,0,0,1,0,not_limited,not_limited,not_limited,5,10,15,25
https://careerbuilder.vn/vi/tim-viec-lam/hn-hcm-cv-cvcc-phan-tich-dau-tu-chung-khoan.35B76BC9.html,0,0,1,0,0,0,1,0,1,0,1,0,0,0,not_limited,not_limited,not_limited,3,5,15,25
https://careerbuilder.vn/vi/tim-viec-lam/chuyen-vien-van-hanh-core-net-oracle-ms-sql.35B72012.html,0,0,0,1,0,0,1,0,0,0,1,0,0,0,not_limited,not_limited,not_limited,1,5,15,25
https://careerbuilder.vn/vi/tim-viec-lam/binh-thanh-hcm-chuyen-vien-van-hanh-thu-hoi-no-mang-motivation-hanh-chinh.35B753CD.html,0,0,1,0,0,0,1,0,0,0,1,0,0,0,not_limited,not_limited,not_limited,1,5,15,25
https://careerbuilder.vn/vi/tim-viec-lam/chuyen-vien-tai-chinh.35B79B2F.html,1,0,1,0,0,0,1,0,0,0,1,0,0,0,24 - 35,24,35,1,2,15,25
https://careerbuilder.vn/vi/tim-viec-lam/ke-toan-phai-thu.35B78097.html,0,0,1,0,0,0,0,0,0,1,0,1,0,0,not_limited,not_limited,not_limited,2,10,15,25
https://careerbuilder.vn/vi/tim-viec-lam/chuyen-vien-qs-mep-co-dien.35B763F0.html,1,0,1,0,0,0,0,0,0,1,0,1,0,0,30 - 45,30,45,5,20,15,23
https://careerbuilder.vn/vi/tim-viec-lam/chuyen-vien-m-a-mua-ban-sap-nhap-gap.35B7C1C1.html,0,0,1,0,0,0,0,0,0,1,1,0,0,0,24 - 35,24,35,3,15,15,22
https://careerbuilder.vn/vi/tim-viec-lam/chuyen-vien-phap-che-va-tuan-thu.35B7A318.html,0,0,1,0,0,0,1,0,0,0,1,0,0,0,not_limited,not_limited,not_limited,0,2,15,22
https://careerbuilder.vn/vi/tim-viec-lam/chuyen-vien-phat-trien-mat-bang-mien-nam.35B7C55C.html,1,0,0,1,0,0,0,0,0,1,1,0,0,0,25 - 30,25,30,2,5,15,20
https://careerbuilder.vn/vi/tim-viec-lam/chuyen-vien-quan-tri-dau-tu.35B7B65A.html,0,0,0,1,0,0,0,0,0,1,1,0,0,0,not_limited,not_limited,not_limited,2,5,15,20
https://careerbuilder.vn/vi/tim-viec-lam/truong-kinh-doanh-khu-vuc-san-pham-cho-vay-tieu-dung.35B7ABAC.html,0,0,0,0,1,0,1,0,0,0,0,1,0,0,24 - 35,24,35,1,3,15,20
https://careerbuilder.vn/vi/tim-viec-lam/quy-viet-long-chuyen-vien-quan-ly-danh-muc-dau-tu.35B7B5F6.html,0,0,1,0,0,0,1,0,1,0,1,0,0,0,not_limited,not_limited,not_limited,1,2,15,20
https://careerbuilder.vn/vi/tim-viec-lam/thiet-ke-3d-gap.35B7C0FD.html,0,0,1,0,0,0,0,0,0,1,1,0,0,0,27 - 35,27,35,3,7,15,20
https://careerbuilder.vn/vi/tim-viec-lam/truong-nhom-hanh-chinh.35B7C0BF.html,0,0,0,1,0,0,0,0,0,1,0,1,0,0,26 - 35,26,35,4,7,15,20
https://careerbuilder.vn/vi/tim-viec-lam/chuyen-vien-tai-chinh.35B7A2D9.html,0,0,1,0,0,0,0,0,1,0,1,0,0,0,not_limited,not_limited,not_limited,3,5,15,20
https://careerbuilder.vn/vi/tim-viec-lam/truong-bo-phan-cham-soc-cu-dan.35B7BDBA.html,0,1,1,0,0,0,0,0,0,1,0,0,1,0,30 - 40,30,40,3,5,15,20
https://careerbuilder.vn/vi/tim-viec-lam/quy-viet-long-chuyen-vien-quan-ly-danh-muc-dau-tu.35B77430.html,0,0,1,0,0,0,1,0,1,0,1,0,0,0,not_limited,not_limited,not_limited,1,2,15,20
https://careerbuilder.vn/vi/tim-viec-lam/tbp-nhan-su-cty-thanh-vien.35B7B954.html,0,0,1,0,0,0,0,0,0,1,0,0,1,0,not_limited,not_limited,not_limited,3,5,15,20
https://careerbuilder.vn/vi/tim-viec-lam/chuyen-vien-phap-ly-du-an.35B7B64C.html,1,0,1,0,0,0,0,0,0,1,1,0,0,0,not_limited,not_limited,not_limited,2,5,15,20
https://careerbuilder.vn/vi/tim-viec-lam/thiet-ke-3d-gap.35B79991.html,0,0,1,0,0,0,0,0,0,1,1,0,0,0,27 - 35,27,35,3,7,15,20
https://careerbuilder.vn/vi/tim-viec-lam/thu-ky-phap-ly-doanh-nghiep-bds.35B78599.html,0,0,1,0,0,0,0,0,0,1,1,0,0,0,25 - 30,25,30,3,5,15,20
https://careerbuilder.vn/vi/tim-viec-lam/tro-ly-ke-hoach-tong-hop.35B78515.html,0,0,0,0,0,1,0,0,0,1,1,0,0,0,27 - 35,27,35,3,5,15,20
https://careerbuilder.vn/vi/tim-viec-lam/thiet-ke-3d-gap.35B74E55.html,0,0,1,0,0,0,0,0,0,1,1,0,0,0,27 - 35,27,35,3,7,15,20
https://careerbuilder.vn/vi/tim-viec-lam/chuyen-vien-dao-tao.35B7A49E.html,0,0,1,0,0,0,0,0,0,1,1,0,0,0,not_limited,not_limited,not_limited,2,3,15,18
https://careerbuilder.vn/vi/tim-viec-lam/ke-toan-thue-khu-vuc-thu-duc.35B7BD94.html,0,0,1,0,0,0,1,0,0,0,1,0,0,0,25 - 35,25,35,2,3,15,18
https://careerbuilder.vn/vi/tim-viec-lam/chuyen-vien-cao-cap-tham-dinh-tin-dung.35B7BDA4.html,0,0,1,0,0,0,1,0,0,0,1,0,0,0,not_limited,not_limited,not_limited,5,7,15,18
https://careerbuilder.vn/vi/tim-viec-lam/chi-huy-truong-cong-trinh.35B78E17.html,1,0,1,0,0,0,0,0,0,1,0,1,0,0,25 - 40,25,40,2,5,15,18
https://careerbuilder.vn/vi/tim-viec-lam/chuyen-vien-tuyen-dung.35B79090.html,0,0,1,0,0,0,0,0,0,1,1,0,0,0,25 - 35,25,35,2,5,15,18
https://careerbuilder.vn/vi/tim-viec-lam/php-developer.35B745BB.html,0,0,1,0,0,0,1,0,0,0,1,0,0,0,23 - 40,23,40,0,1,15,18
https://careerbuilder.vn/vi/tim-viec-lam/chuyen-vien-quan-tri-du-lieu.35B77329.html,0,1,0,1,0,0,1,0,0,0,1,0,0,0,22 - 30,22,30,2,5,13,26
https://careerbuilder.vn/vi/tim-viec-lam/chuyen-vien-cai-tien.35B7B3D8.html,0,0,1,0,0,0,1,0,0,0,1,0,0,0,24 - 32,24,32,1,3,13,18
https://careerbuilder.vn/vi/tim-viec-lam/ke-toan-tong-hop-co-kinh-nghiem-nganh-bds.35B74F67.html,0,0,0,1,0,0,0,0,0,1,1,0,0,0,not_limited,not_limited,not_limited,2,3,13,15
https://careerbuilder.vn/vi/tim-viec-lam/tro-ly-tong-giam-doc-quan-1.35B78D9A.html,0,1,1,0,0,0,0,0,0,1,1,0,0,0,not_limited,not_limited,not_limited,1,3,13,15
https://careerbuilder.vn/vi/tim-viec-lam/ke-toan-tong-hop.35B7A40C.html,0,0,1,0,0,0,1,0,0,0,0,1,0,0,25 - 35,25,35,3,5,13,18.2
https://careerbuilder.vn/vi/tim-viec-lam/chuyen-vien-kinh-doanh-b2b-du-an-smarthome.35B76A37.html,0,0,1,0,0,0,0,0,0,1,1,0,0,0,not_limited,not_limited,not_limited,1,5,12,25
https://careerbuilder.vn/vi/tim-viec-lam/chuyen-vien-kinh-doanh-b2b-du-an-smarthome.35B71A4B.html,0,0,1,0,0,0,0,0,0,1,1,0,0,0,not_limited,not_limited,not_limited,1,5,12,25
https://careerbuilder.vn/vi/tim-viec-lam/chuyen-vien-phan-tich-dau-tu-ca-nhan.35B7ADB5.html,0,0,1,0,0,0,1,0,1,0,1,0,0,0,not_limited,not_limited,not_limited,1,2,12,20
https://careerbuilder.vn/vi/tim-viec-lam/chuyen-vien-phat-trien-kinh-doanh-fintech.35B7AECC.html,1,0,0,1,0,0,1,0,0,0,1,0,0,0,23 - 30,23,30,1,2,12,20
https://careerbuilder.vn/vi/tim-viec-lam/truong-phong-kinh-doanh-bds-mang-ban-quan-2.35B79CE7.html,0,0,0,1,0,0,0,0,0,1,0,0,1,0,not_limited,not_limited,not_limited,2,5,12,20
https://careerbuilder.vn/vi/tim-viec-lam/chuyen-vien-nguon-von-khoi-dau-tu.35B7B734.html,0,0,1,0,0,0,1,0,1,0,1,0,0,0,22 - 28,22,28,1,2,12,20
https://careerbuilder.vn/vi/tim-viec-lam/nhan-vien-kinh-doanh.35B788A7.html,0,0,0,1,0,0,0,0,0,1,1,0,0,0,25 - 32,25,32,1,5,12,20
https://careerbuilder.vn/vi/tim-viec-lam/ke-toan-ngan-hang.35B78500.html,0,0,1,0,0,0,1,0,0,0,1,0,0,0,not_limited,not_limited,not_limited,2,5,12,20
https://careerbuilder.vn/vi/tim-viec-lam/chuyen-vien-tu-van-san-pham-bao-hiem.35B7907C.html,0,0,0,1,0,0,1,1,0,0,1,0,0,0,not_limited,not_limited,not_limited,1,3,12,18
https://careerbuilder.vn/vi/tim-viec-lam/ke-toan-kho.35B78532.html,0,0,0,1,0,0,1,0,0,0,1,0,0,0,not_limited,not_limited,not_limited,1,3,12,18
https://careerbuilder.vn/vi/tim-viec-lam/chuyen-vien-kiem-soat-chat-luong-qc-noi-that.35B76018.html,0,0,0,1,0,0,0,0,0,1,1,0,0,0,25 - 35,25,35,3,5,12,18
https://careerbuilder.vn/vi/tim-viec-lam/chuyen-vien-tu-van-san-pham-bao-hiem.35B74753.html,0,0,0,1,0,0,1,1,0,0,1,0,0,0,not_limited,not_limited,not_limited,1,3,12,18
https://careerbuilder.vn/vi/tim-viec-lam/quan-1-_-executive-front-bancassurance-_-19683kd.35B72F53.html,0,0,1,0,0,0,1,1,0,0,1,0,0,0,25 - 33,25,33,2,5,12,17
https://careerbuilder.vn/vi/tim-viec-lam/nhan-vien-bao-tri-xay-dung.35B7B5F7.html,1,0,0,0,1,0,0,0,0,1,1,0,0,0,28 - 45,28,45,2,6,12,16
https://careerbuilder.vn/vi/tim-viec-lam/chuyen-vien-kinh-doanh-quan-ly-dai-ly-chu-dau-tu.35B79AA4.html,0,0,1,0,0,0,0,0,0,1,1,0,0,0,not_limited,not_limited,not_limited,4,10,12,16
https://careerbuilder.vn/vi/tim-viec-lam/chuyen-vien-kiem-soat-sau-tham-dinh-gia.35B731AE.html,0,0,1,0,0,0,1,0,0,1,1,0,0,0,not_limited,not_limited,not_limited,3,6,12,16
https://careerbuilder.vn/vi/tim-viec-lam/ke-toan-ngan-hang.35B7C230.html,0,0,1,0,0,0,1,0,0,0,1,0,0,0,25 - 35,25,35,2,5,12,15
https://careerbuilder.vn/vi/tim-viec-lam/mep-engineer-building-apartment.35B7A5C4.html,1,0,0,1,0,0,0,0,0,1,1,0,0,0,not_limited,not_limited,not_limited,5,6,12,15
https://careerbuilder.vn/vi/tim-viec-lam/civil-engineer.35B7A5CE.html,1,0,0,1,0,0,0,0,0,1,1,0,0,0,not_limited,not_limited,not_limited,5,6,12,15
https://careerbuilder.vn/vi/tim-viec-lam/ke-toan-thanh-toan.35B7B4E6.html,0,0,1,0,0,0,1,0,0,0,1,0,0,0,26 - 35,26,35,3,5,12,15
https://careerbuilder.vn/vi/tim-viec-lam/truong-nhom-thu-hoi-no-qua-dien-thoai.35B77E5E.html,0,1,0,1,0,0,1,0,0,0,0,1,0,0,not_limited,not_limited,not_limited,3,5,12,15
https://careerbuilder.vn/vi/tim-viec-lam/ke-toan-quan-tri.35B77913.html,1,0,0,1,0,0,1,0,0,0,1,0,0,0,not_limited,not_limited,not_limited,2,3,12,15
https://careerbuilder.vn/vi/tim-viec-lam/ke-toan-tong-hop.35B7A056.html,0,0,1,0,0,0,1,0,0,0,1,0,0,0,27 - 35,27,35,3,10,12,15
https://careerbuilder.vn/vi/tim-viec-lam/ke-toan-tong-hop.35B77304.html,0,0,0,1,0,0,0,0,0,1,0,1,0,0,22 - 50,22,50,0,2,12,15
https://careerbuilder.vn/vi/tim-viec-lam/chuyen-vien-cham-soc-khach-hang-bds-lam-tai-quan-7.35B78E97.html,0,0,0,1,0,0,0,0,0,1,1,0,0,0,not_limited,not_limited,not_limited,2,5,12,15
https://careerbuilder.vn/vi/tim-viec-lam/chuyen-vien-phap-che.35B79B20.html,0,0,0,1,0,0,0,0,0,1,1,0,0,0,25 - 35,25,35,1,2,12,15
https://careerbuilder.vn/vi/tim-viec-lam/chuyen-vien-marketing-content.35B79488.html,0,0,1,0,0,0,0,0,0,1,1,0,0,0,not_limited,not_limited,not_limited,2,4,12,15
https://careerbuilder.vn/vi/tim-viec-lam/chuyen-vien-quan-ly-dai-ly.35B76003.html,0,0,0,1,0,0,0,0,0,1,1,0,0,0,not_limited,not_limited,not_limited,2,3,12,15
https://careerbuilder.vn/vi/tim-viec-lam/ke-toan-tong-hop-gap.35B78B49.html,0,0,1,0,0,0,1,0,0,0,1,0,0,0,26 - 40,26,40,2,5,12,15
https://careerbuilder.vn/vi/tim-viec-lam/chuyen-vien-media.35B73E7F.html,0,0,0,1,0,0,0,0,0,1,1,0,0,0,not_limited,not_limited,not_limited,3,5,12,15
https://careerbuilder.vn/vi/tim-viec-lam/tp-hcm-nhan-vien-ke-toan.35B79777.html,0,0,0,1,0,0,1,0,0,0,1,0,0,0,23 - 35,23,35,2,3,12,14
https://careerbuilder.vn/vi/tim-viec-lam/nhan-vien-ke-toan-thanh-toan-lam-viec-tai-tp-hcm-cty-cp-noi-that-aka.35B7A10B.html,0,0,0,1,0,0,0,0,0,1,1,0,0,0,25 - 35,25,35,3,5,12,14
https://careerbuilder.vn/vi/tim-viec-lam/truong-phong-kinh-doanh-luong-15-trieu-cross-long-hai.35B7C181.html,0,0,0,1,0,0,0,0,0,1,0,0,1,0,28 - 40,28,40,1,3,11.5,15
https://careerbuilder.vn/vi/tim-viec-lam/nhan-vien-moi-gioi-chung-khoan-phai-sinh.35B7786B.html,0,0,0,0,1,0,0,0,1,0,1,0,0,0,22 - 35,22,35,1,2,11,44
https://careerbuilder.vn/vi/tim-viec-lam/nhan-vien-moi-gioi-forex.35B7786C.html,0,0,0,0,1,0,0,0,1,0,1,0,0,0,22 - 35,22,35,1,2,11,44
https://careerbuilder.vn/vi/tim-viec-lam/chuyen-vien-phap-che.35B79B20.html,0,0,0,1,0,0,0,0,0,1,1,0,0,0,25 - 35,25,35,1,2,12,15
https://careerbuilder.vn/vi/tim-viec-lam/chuyen-vien-marketing-content.35B79488.html,0,0,1,0,0,0,0,0,0,1,1,0,0,0,not_limited,not_limited,not_limited,2,4,12,15
https://careerbuilder.vn/vi/tim-viec-lam/chuyen-vien-quan-ly-dai-ly.35B76003.html,0,0,0,1,0,0,0,0,0,1,1,0,0,0,not_limited,not_limited,not_limited,2,3,12,15
https://careerbuilder.vn/vi/tim-viec-lam/ke-toan-tong-hop-gap.35B78B49.html,0,0,1,0,0,0,1,0,0,0,1,0,0,0,26 - 40,26,40,2,5,12,15
https://careerbuilder.vn/vi/tim-viec-lam/chuyen-vien-media.35B73E7F.html,0,0,0,1,0,0,0,0,0,1,1,0,0,0,not_limited,not_limited,not_limited,3,5,12,15
https://careerbuilder.vn/vi/tim-viec-lam/tp-hcm-nhan-vien-ke-toan.35B79777.html,0,0,0,1,0,0,1,0,0,0,1,0,0,0,23 - 35,23,35,2,3,12,14
https://careerbuilder.vn/vi/tim-viec-lam/nhan-vien-ke-toan-thanh-toan-lam-viec-tai-tp-hcm-cty-cp-noi-that-aka.35B7A10B.html,0,0,0,1,0,0,0,0,0,1,1,0,0,0,25 - 35,25,35,3,5,12,14
https://careerbuilder.vn/vi/tim-viec-lam/truong-phong-kinh-doanh-luong-15-trieu-cross-long-hai.35B7C181.html,0,0,0,1,0,0,0,0,0,1,0,0,1,0,28 - 40,28,40,1,3,11.5,15
https://careerbuilder.vn/vi/tim-viec-lam/nhan-vien-moi-gioi-chung-khoan-phai-sinh.35B7786B.html,0,0,0,0,1,0,0,0,1,0,1,0,0,0,22 - 35,22,35,1,2,11,44
https://careerbuilder.vn/vi/tim-viec-lam/nhan-vien-moi-gioi-forex.35B7786C.html,0,0,0,0,1,0,0,0,1,0,1,0,0,0,22 - 35,22,35,1,2,11,44
https://careerbuilder.vn/vi/tim-viec-lam/nhan-vien-tai-vu-tieng-trung-anh.35B7C54C.html,0,0,1,0,0,0,1,0,0,0,1,0,0,0,22 - 27,22,27,1,2,11,14
https://careerbuilder.vn/vi/tim-viec-lam/nhan-vien-kinh-doanh-du-an-nganh-vat-lieu-xay-dung-luong-cung-8-25-trieu-hoa-hong-thuong-doanh-so.35B7B3B6.html,0,0,0,0,0,1,0,0,0,1,1,0,0,0,not_limited,not_limited,not_limited,2,5,10,25
https://careerbuilder.vn/vi/tim-viec-lam/nhan-vien-kinh-doanh-bat-dong-san-co-kinh-nghiem-du-lich-ngan-hang-hang-khong.35B71B2E.html,0,0,0,0,1,0,1,0,0,0,1,0,0,0,25 - 45,25,45,3,5,10,25
https://careerbuilder.vn/vi/tim-viec-lam/chuyen-vien-phan-tich-quan-tri-tai-chinh-gap.35B7C167.html,0,0,1,0,0,0,0,0,0,1,1,0,0,0,24 - 40,24,40,3,15,10,22
https://careerbuilder.vn/vi/tim-viec-lam/tp-hcm-chuyen-vien-quan-he-khach-hang-uu-tien.35B73CA1.html,0,0,1,0,0,0,1,0,0,0,1,0,0,0,23 - 35,23,35,1,3,10,20
https://careerbuilder.vn/vi/tim-viec-lam/chuyen-vien-tu-van-tai-chinh-kenh-lien-doanh-ngan-hang-bidv.35B791FB.html,0,0,1,0,0,0,1,0,0,0,1,0,0,0,not_limited,not_limited,not_limited,1,3,10,20
https://careerbuilder.vn/vi/tim-viec-lam/hcm-chuyen-vien-quan-he-khach-hang-ca-nhan.35B794A3.html,0,0,0,0,1,0,1,0,0,0,1,0,0,0,20 - 30,20,30,1,3,10,20
https://careerbuilder.vn/vi/tim-viec-lam/chuyen-vien-tu-van-tai-chinh-cap-cao-kenh-lien-doanh-ngan-hang-bidv.35B7A798.html,0,0,1,0,0,0,1,0,0,0,1,0,0,0,not_limited,not_limited,not_limited,1,3,10,20
https://careerbuilder.vn/vi/tim-viec-lam/mien-nam-chuyen-vien-tu-van-tai-chinh-cap-cao-kenh-lien-doanh-ngan-hang-bidv.35B76D6E.html,0,0,1,0,0,0,1,0,0,0,1,0,0,0,not_limited,not_limited,not_limited,1,3,10,20
https://careerbuilder.vn/vi/tim-viec-lam/hn-hcm-truong-phong-moi-gioi-chung-khoan.35B785E7.html,0,0,1,0,0,0,0,0,1,0,0,0,1,0,not_limited,not_limited,not_limited,3,5,10,20
https://careerbuilder.vn/vi/tim-viec-lam/business-development-associate.35B7838D.html,1,0,0,1,0,0,1,0,0,0,1,0,0,0,23 - 30,23,30,1,2,10,20
https://careerbuilder.vn/vi/tim-viec-lam/hcm-truong-phong-kinh-doanh.35B781B0.html,0,0,0,1,0,0,0,0,0,1,0,1,0,0,30 - 40,30,40,2,5,10,20
https://careerbuilder.vn/vi/tim-viec-lam/chuyen-vien-tu-van-tai-chinh-kenh-lien-doanh-ngan-hang-bidv.35B718BB.html,0,0,1,0,0,0,1,0,0,0,1,0,0,0,not_limited,not_limited,not_limited,1,3,10,20
https://careerbuilder.vn/vi/tim-viec-lam/chuyen-vien-kinh-doanh-dich-vu-ki-thuat.35B72228.html,0,0,0,1,0,0,1,0,0,0,1,0,0,0,21 - 35,21,35,0,1,10,20
https://careerbuilder.vn/vi/tim-viec-lam/ho-chi-minh-chuyen-vien-tu-van-tai-chinh-cap-cao-kenh-lien-doanh-ngan-hang-bidv.35B75BAC.html,0,0,1,0,0,0,1,0,0,0,1,0,0,0,not_limited,not_limited,not_limited,1,3,10,20
https://careerbuilder.vn/vi/tim-viec-lam/chuyen-vien-thiet-ke-giao-dien-va-trai-nghiem-nguoi-dung-ui-ux-designer.35B75432.html,0,0,1,0,0,0,0,0,1,0,1,0,0,0,not_limited,not_limited,not_limited,1,2,10,20
https://careerbuilder.vn/vi/tim-viec-lam/chuyen-vien-tu-van-tai-chinh-cap-cao-kenh-lien-doanh-ngan-hang-bidv.35B75559.html,0,0,1,0,0,0,1,0,0,0,1,0,0,0,not_limited,not_limited,not_limited,1,3,10,20
https://careerbuilder.vn/vi/tim-viec-lam/truong-nhom-kinh-doanh-kenh-hop-tac-ngan-hang-bancassurance.35B744F7.html,0,0,0,1,0,0,1,1,0,0,0,1,0,0,not_limited,not_limited,not_limited,1,3,10,20
https://careerbuilder.vn/vi/tim-viec-lam/chuyen-vien-quan-ly-hop-dong-%E2%80%93-policy-services-executive.35B7876C.html,0,0,1,0,0,0,1,1,0,0,1,0,0,0,not_limited,not_limited,not_limited,1,3,10,20
https://careerbuilder.vn/vi/tim-viec-lam/chuyen-vien-phat-trien-san-pham-chung-khoan-r-d.35B77416.html,0,0,1,0,0,0,1,0,1,0,1,0,0,0,not_limited,not_limited,not_limited,1,2,10,18
https://careerbuilder.vn/vi/tim-viec-lam/chuyen-vien-phan-tich-dau-tu-mang-chung-khoan.35B797B2.html,0,0,1,0,0,0,1,0,1,0,1,0,0,0,24 - 35,24,35,1,4,10,18
https://careerbuilder.vn/vi/tim-viec-lam/chuyen-vien-tu-van.35B75ADA.html,0,0,1,0,0,0,0,0,1,0,1,0,0,0,not_limited,not_limited,not_limited,1,3,10,18
https://careerbuilder.vn/vi/tim-viec-lam/chuyen-vien-phan-tich-kinh-doanh.35B73EEA.html,0,1,1,0,0,0,1,0,0,0,1,0,0,0,22 - 30,22,30,1,3,10,17
https://careerbuilder.vn/vi/tim-viec-lam/mc1-chuyen-vien-chinh-ho-tro-quan-he-khach-hang-doanh-nghiep-eb-msb-1q128.35B78FCA.html,0,0,1,0,0,0,1,0,0,0,1,0,0,0,not_limited,not_limited,not_limited,3,5,10,16
https://careerbuilder.vn/vi/tim-viec-lam/chuyen-vien-ke-toan.35B7AD9F.html,0,0,1,0,0,0,0,0,1,0,1,0,0,0,22 - 26,22,26,1,2,10,16
https://careerbuilder.vn/vi/tim-viec-lam/ke-toan-thanh-toan.35B7C514.html,0,0,0,1,0,0,0,0,0,1,1,0,0,0,27 - 35,27,35,2,5,10,15
https://careerbuilder.vn/vi/tim-viec-lam/chuyen-vien-nghien-cuu-thi-truong.35B7A39D.html,0,0,0,1,0,0,0,0,0,1,1,0,0,0,not_limited,not_limited,not_limited,1,3,10,15
https://careerbuilder.vn/vi/tim-viec-lam/thu-ky-tong-giam-doc.35B7B8B2.html,0,0,1,0,0,0,0,0,0,1,1,0,0,0,25 - 30,25,30,2,5,10,15
https://careerbuilder.vn/vi/tim-viec-lam/vinhomes-chuyen-vien-thu-tuc-bat-dong-san.35B7A4C9.html,0,0,1,0,0,0,1,0,0,1,1,0,0,0,not_limited,not_limited,not_limited,1,5,10,15
https://careerbuilder.vn/vi/tim-viec-lam/chuyen-vien-marketing.35B746A7.html,0,0,1,0,0,0,0,0,0,1,1,0,0,0,24 - 35,24,35,2,5,10,15
https://careerbuilder.vn/vi/tim-viec-lam/ke-toan-tong-hop.35B7B963.html,0,0,0,1,0,0,0,0,0,1,1,0,0,0,not_limited,not_limited,not_limited,3,5,10,14
https://careerbuilder.vn/vi/tim-viec-lam/chuyen-vien-ke-toan-cong-no.35B77F17.html,0,0,0,1,0,0,1,0,0,0,1,0,0,0,24 - 35,24,35,2,5,10,13
https://careerbuilder.vn/vi/tim-viec-lam/shopee-truong-nhom-cham-soc-khach-hang.35B7A077.html,0,0,0,0,1,0,1,0,0,0,0,1,0,0,24 - 35,24,35,0,1,10,13
https://careerbuilder.vn/vi/tim-viec-lam/nhan-vien-thu-ky-hanh-chanh.35B7C52B.html,0,0,0,1,0,0,1,0,0,0,1,0,0,0,not_limited,not_limited,not_limited,1,2,10,12
https://careerbuilder.vn/vi/tim-viec-lam/tro-ly-ban-giam-doc.35B7C1EA.html,0,1,1,0,0,0,0,0,0,1,1,0,0,0,25 - 30,25,30,0,2,10,12
https://careerbuilder.vn/vi/tim-viec-lam/chuyen-vien-tuyen-dung.35B7C176.html,0,0,0,1,0,0,0,0,0,1,1,0,0,0,24 - 30,24,30,2,3,10,12
https://careerbuilder.vn/vi/tim-viec-lam/ky-su-ket-cau.35B7B836.html,0,0,1,0,0,0,0,0,0,1,1,0,0,0,25 - 40,25,40,2,3,10,12
https://careerbuilder.vn/vi/tim-viec-lam/ke-toan-tin-dung-tuyen-gap.35B75FA4.html,0,1,1,0,0,0,0,0,0,1,1,0,0,0,25 - 35,25,35,0,2,10,12
https://careerbuilder.vn/vi/tim-viec-lam/fdi-relationship-manager-korean-desk.35B7B6B3.html,0,0,1,0,0,0,1,1,0,0,1,0,0,0,not_limited,not_limited,not_limited,1,10,9,20
https://careerbuilder.vn/vi/tim-viec-lam/chuyen-vien-kinh-doanh-cao-cap-luong-9-18tr-hoa-hong-cao.35B7B2F9.html,0,0,0,0,0,1,0,0,0,1,1,0,0,0,23 - 32,23,32,1,2,9,18
https://careerbuilder.vn/vi/tim-viec-lam/chuyen-vien-kinh-doanh-cao-cap.35B7347E.html,0,0,0,0,0,1,0,0,0,1,1,0,0,0,23 - 32,23,32,1,2,9,18
https://careerbuilder.vn/vi/tim-viec-lam/ke-toan-cong-no.35B7BC1C.html,0,0,1,0,0,0,1,0,0,0,1,0,0,0,23 - 30,23,30,0,1,9,15
https://careerbuilder.vn/vi/tim-viec-lam/hn-hcm-chuyen-vien-quan-tri-rui-ro-van-hanh-co-k-n-linh-vuc-chung-khoan.35B784FD.html,0,0,1,0,0,0,1,0,1,0,1,0,0,0,not_limited,not_limited,not_limited,2,3,9,15
https://careerbuilder.vn/vi/tim-viec-lam/hcm-chuyen-vien-quan-tri-rui-ro-tham-dinh-co-k-n-linh-vuc-chung-khoan.35B784FE.html,0,0,1,0,0,0,1,0,1,0,1,0,0,0,not_limited,not_limited,not_limited,1,3,9,15
https://careerbuilder.vn/vi/tim-viec-lam/nhan-vien-ke-toan-accountant.35B78D2D.html,0,1,0,0,1,0,1,0,0,0,1,0,0,0,22 - 28,22,28,0,1,9,15
https://careerbuilder.vn/vi/tim-viec-lam/nhan-vien-kiem-soat-nghiep-vu.35B77CD8.html,0,0,0,1,0,0,1,0,0,0,1,0,0,0,22 - 30,22,30,1,2,9,14
https://careerbuilder.vn/vi/tim-viec-lam/cskh-nganh-bds-uu-tien-nu-lam-viec-cho-chu-dau-tu.35B78A47.html,0,1,0,1,0,0,0,0,0,1,1,0,0,0,21 - 30,21,30,1,2,9,14
https://careerbuilder.vn/vi/tim-viec-lam/ke-toan-thue.35B77276.html,0,0,0,1,0,0,1,0,0,0,1,0,0,0,24 - 35,24,35,1,2,9,13
https://careerbuilder.vn/vi/tim-viec-lam/nhan-vien-ke-toan.35B78B0C.html,0,1,1,0,0,0,1,0,0,0,1,0,0,0,22 - 32,22,32,2,3,9,13
https://careerbuilder.vn/vi/tim-viec-lam/ke-toan-cong-no.35B7A3F3.html,0,0,0,0,1,0,1,0,0,0,1,0,0,0,22 - 35,22,35,1,5,9,12
https://careerbuilder.vn/vi/tim-viec-lam/nhan-vien-ke-hoach-dau-tu.35B7B13B.html,0,0,1,0,0,0,1,0,0,0,1,0,0,0,25 - 40,25,40,0,2,9,12
https://careerbuilder.vn/vi/tim-viec-lam/nhan-vien-ho-tro-kinh-doanh-sale-admin.35B7BDB0.html,0,1,0,1,0,0,0,0,0,1,1,0,0,0,23 - 31,23,31,1,2,9,12
https://careerbuilder.vn/vi/tim-viec-lam/nhan-vien-xuat-nhap-khau.35B7BC61.html,0,1,0,1,0,0,1,0,0,0,1,0,0,0,23 - 35,23,35,1,2,9,12
https://careerbuilder.vn/vi/tim-viec-lam/nhan-vien-xuat-nhap-khau.35B79ADB.html,0,1,0,1,0,0,1,0,0,0,1,0,0,0,23 - 35,23,35,1,2,9,12
https://careerbuilder.vn/vi/tim-viec-lam/pv-online-tro-ly-kinh-doanh-co-kinh-nghiem-bds.35B71921.html,0,1,0,1,0,0,0,0,0,1,1,0,0,0,23 - 31,23,31,1,2,9,12
https://careerbuilder.vn/vi/tim-viec-lam/chuyen-vien-tu-van-thiet-ke-vpbank.35B747C4.html,1,0,1,0,0,0,1,0,0,0,1,0,0,0,not_limited,not_limited,not_limited,2,5,9,12
https://careerbuilder.vn/vi/tim-viec-lam/ke-toan-kho-chuoi-nha-hang-thai-somtumthai.35B7C335.html,0,0,0,0,0,1,1,0,0,0,1,0,0,0,21 - 35,21,35,0,1,9,11
https://careerbuilder.vn/vi/tim-viec-lam/chuyen-vien-digital-marketing-thu-nhap-hap-dan-11tr.35B7B8C7.html,0,0,0,1,0,0,0,0,0,1,1,0,0,0,not_limited,not_limited,not_limited,2,3,9,11
https://careerbuilder.vn/vi/tim-viec-lam/nhan-vien-ke-toan-ban-hang-va-thu-quy.35B7B793.html,0,0,0,1,0,0,1,0,0,0,1,0,0,0,not_limited,not_limited,not_limited,2,4,9,11
https://careerbuilder.vn/vi/tim-viec-lam/chuyen-vien-tu-van-dau-tu-chung-khoan-kenh-online-khong-ap-luc-doanh-so.35B79CCB.html,0,0,1,0,0,0,1,0,1,0,1,0,0,0,22 - 30,22,30,1,2,9.1,18.2
https://careerbuilder.vn/vi/tim-viec-lam/chuyen-vien-khach-hang-doanh-nghiep.35B764FE.html,0,0,1,0,0,0,1,0,0,0,1,0,0,0,not_limited,not_limited,not_limited,1,3,8.5,18
https://careerbuilder.vn/vi/tim-viec-lam/chuyen-vien-chinh-ban-san-pham-cho-vay-tieu-thuong-ho-kinh-doanh.35B76529.html,0,0,1,0,0,0,1,0,0,0,1,0,0,0,not_limited,not_limited,not_limited,1,3,8.5,15
https://careerbuilder.vn/vi/tim-viec-lam/chuyen-vien-tu-van-chung-khoan-phai-sinh.35B7786D.html,0,0,0,0,0,1,0,0,1,0,1,0,0,0,22 - 35,22,35,1,2,8,30
https://careerbuilder.vn/vi/tim-viec-lam/chuyen-vien-chuyen-vien-cao-cap-tu-van-chung-khoan.35B77523.html,0,0,1,0,0,0,1,0,1,0,1,0,0,0,not_limited,not_limited,not_limited,1,3,8,20
https://careerbuilder.vn/vi/tim-viec-lam/chuyen-vien-tu-van-kv-ho-chi-minh.35B7A5D1.html,0,0,0,1,0,0,1,0,0,0,1,0,0,0,not_limited,not_limited,not_limited,0,1,8,15
https://careerbuilder.vn/vi/tim-viec-lam/nhan-vien-kinh-doanh-nguon-von-huy-dong-tien-gui-trai-phieu.35B77C8B.html,0,0,0,1,0,0,1,0,0,1,1,0,0,0,not_limited,not_limited,not_limited,1,2,8,15
https://careerbuilder.vn/vi/tim-viec-lam/chuyen-vien-dai-dien-san-pham-tai-tro-thuong-mai-ngoai-hoi-va-ebank.35B79050.html,0,0,1,0,0,0,1,0,0,0,1,0,0,0,not_limited,not_limited,not_limited,1,3,8,15
https://careerbuilder.vn/vi/tim-viec-lam/hcm-chuyen-vien-quan-he-khach-hang-uu-tien.35B79FE1.html,0,0,1,0,0,0,1,0,0,0,1,0,0,0,not_limited,not_limited,not_limited,1,2,8,15
https://careerbuilder.vn/vi/tim-viec-lam/nhan-vien-kinh-doanh-nguon-von-huy-dong-tien-gui-trai-phieu.35B797B3.html,0,0,0,1,0,0,1,0,0,1,1,0,0,0,not_limited,not_limited,not_limited,1,2,8,15
https://careerbuilder.vn/vi/tim-viec-lam/chuyen-vien-kinh-doanh-bds-du-an-van-phuc-city.35B78426.html,0,1,0,0,1,0,0,0,0,1,1,0,0,0,25 - 35,25,35,3,10,8,15
https://careerbuilder.vn/vi/tim-viec-lam/nhan-vien-kinh-doanh-nguon-von-huy-dong-tien-gui-trai-phieu.35B72E8C.html,0,0,0,1,0,0,1,0,0,1,1,0,0,0,not_limited,not_limited,not_limited,1,2,8,15
https://careerbuilder.vn/vi/tim-viec-lam/chuyen-vien-khach-hang-ca-nhan.35B7652B.html,0,0,1,0,0,0,1,0,0,0,1,0,0,0,not_limited,not_limited,not_limited,1,3,8,15
https://careerbuilder.vn/vi/tim-viec-lam/nhan-vien-sale-dau-thau-dich-vu-quan-ly-toa-nha.35B70A48.html,0,0,0,1,0,0,0,0,0,1,1,0,0,0,22 - 30,22,30,0,1,8,15
https://careerbuilder.vn/vi/tim-viec-lam/chuyen-vien-nhan-vien-kinh-doanh-qhkh-ca-nhan-doanh-nghiep-khu-vuc-tp-ho-chi-minh.35B7B41B.html,0,0,1,0,0,0,1,0,0,0,1,0,0,0,not_limited,not_limited,not_limited,1,2,8,14
https://careerbuilder.vn/vi/tim-viec-lam/chuyen-vien-kinh-doanh-bds-nghi-duong-ho-tram-binh-chau-luong-cung-8-13tr-phong-van-di-lam-ngay-tai-quan-2.35B78AF9.html,0,0,0,1,0,0,0,0,0,1,1,0,0,0,22 - 35,22,35,1,2,8,13
https://careerbuilder.vn/vi/tim-viec-lam/sales-executive.35B7B9A7.html,0,0,0,1,0,0,1,1,0,0,1,0,0,0,not_limited,not_limited,not_limited,1,2,8,12
https://careerbuilder.vn/vi/tim-viec-lam/vinhomes-nhan-vien-ban-giao.35B790EB.html,0,0,1,0,0,0,0,0,0,1,1,0,0,0,not_limited,not_limited,not_limited,2,5,8,12
https://careerbuilder.vn/vi/tim-viec-lam/hn-hcm-chuyen-vien-dich-vu-chung-khoan.35B74796.html,0,0,1,0,0,0,0,0,1,0,1,0,0,0,not_limited,not_limited,not_limited,1,3,8,12
https://careerbuilder.vn/vi/tim-viec-lam/chuyen-vien-ke-toan.35B7819D.html,0,0,0,0,0,1,1,0,0,0,1,0,0,0,not_limited,not_limited,not_limited,1,2,8,10
https://careerbuilder.vn/vi/tim-viec-lam/chuyen-vien-tim-kiem-dia-diem-vpbank.35B788DF.html,1,0,1,0,0,0,1,0,0,1,1,0,0,0,not_limited,not_limited,not_limited,1,5,8,10
https://careerbuilder.vn/vi/tim-viec-lam/doi-dua-vang-tuyen-ke-toan-ban-hang-chi-nhanh-mien-nam.35B78337.html,0,0,0,0,1,0,1,0,0,0,1,0,0,0,26 - 40,26,40,0,1,8,10